{
  "@microsoft/generator-sharepoint": {
    "plusBeta": false,
    "isCreatingSolution": true,
    "nodeVersion": "18.20.0",
    "sdksVersions": {
      "@microsoft/microsoft-graph-client": "3.0.2",
      "@microsoft/teams-js": "2.12.0"
    },
    "version": "1.18.2",
    "libraryName": "spfx-quiz-solution-with-time-io",
    "libraryId": "d5ffd252-7e0d-42c0-b573-9feed7f1bcc8",
    "environment": "spo",
    "packageManager": "npm",
    "solutionName": "SPFXQuizSolutionWithTimeIO",
    "solutionShortDescription": "SPFXQuizSolutionWithTimeIO description",
    "skipFeatureDeployment": true,
    "isDomainIsolated": false,
    "componentType": "webpart"
  }
}
