<?xml version="1.0" encoding="utf-8"?><App xmlns="http://schemas.microsoft.com/sharepoint/2012/app/manifest" Name="spfx-quiz-solution-with-time-io-client-side-solution" ProductID="d5ffd252-7e0d-42c0-b573-9feed7f1bcc8" SharePointMinVersion="16.0.0.0" IsClientSideSolution="true" Version="1.0.0.0" SkipFeatureDeployment="true" IsDomainIsolated="false"><Properties><Title>spfx-quiz-solution-with-time-io-client-side-solution</Title><DeveloperProperties>{&quot;name&quot;:&quot;&quot;,&quot;websiteUrl&quot;:&quot;&quot;,&quot;privacyUrl&quot;:&quot;&quot;,&quot;termsOfUseUrl&quot;:&quot;&quot;,&quot;mpnId&quot;:&quot;Undefined-1.18.2&quot;}</DeveloperProperties><ShortDescription><LocalizedString CultureName="default">SPFXQuizSolutionWithTimeIO description</LocalizedString></ShortDescription><LongDescription><LocalizedString CultureName="default">SPFXQuizSolutionWithTimeIO description</LocalizedString></LongDescription><Screenshots></Screenshots></Properties></App>